First name,Name,CK section,Term 2011-2012,Term 2013-2016,Term 2017-2020,Scientific discipline,Affiliation
Marek,Adamczewski,7,0,0,1,sztuki projektowe,Akademia Sztuk Pięknych w Gdańsku
Wojciech,Adamczyk,7,0,0,1,sztuki teatralne,Akademia Teatralna im. Aleksandra Zelwerowicza w Warszawie Wydział Reżyserii
Andrzej,Ambroziak,6,0,0,1,inżynieria produkcji,Politechnika Wrocławska
Leon,Andrzejewski,5,1,1,1,geografia,Uniwersytet Mikołaja Kopernika w Toruniu
Piotr,Andziak,4,0,1,1,medycyna,Centralny Szpital Kliniczny Ministerstwa Spraw Wewnętrznych i Administracji w Warszawie
Włodzimierz,Anioł,1,0,1,1,nauki o polityce publicznej,Uniwersytet Warszawski
Jędrzej,Antosiewicz,4,0,0,1,nauki o kulturze fizycznej,Akademia Wychowania Fizycznego i Sportu im. Jędrzeja Śniadeckiego w Gdańsku
Andrzej,Antoszewski,1,1,1,1,nauki o polityce,Uniwersytet Wrocławski
Henryk,Arodź,5,1,1,1,fizyka,Uniwersytet Jagielloński w Krakowie
Urszula,Augustyniak,1,0,0,1,historia,Uniwersytet Warszawski
Jan,Awrejcewicz,6,0,1,1,mechanika,Politechnika Łódzka
Teresa,Bachanek,4,1,0,0,stomatologia,Uniwersytet Medyczny w Lublinie
Maciej,Bagiński,5,0,0,1,biotechnologia,Politechnika Gdańska
Jerzy,Bajkowski,6,0,1,0,budowa i eksploatacja maszyn,Politechnika Warszawska
Andrzej,Banachowicz,7,1,1,1,sztuki piękne,Uniwersytet Artystyczny w Poznaniu
Maria,Barcikowska-Kotowicz,4,1,0,0,medycyna,Instytut Medycyny Doświadczalnej i Klinicznej im. Mirosława Mossakowskiego PAN w Warszawie
Marcin,Barlik,5,1,1,0,geodezja i kartografia,Politechnika Warszawska
Roman,Barlik,6,1,1,1,elektrotechnika,Politechnika Warszawska
Ewa,Bartnik,3,1,1,1,biologia,Uniwersytet Warszawski
Grzegorz,Bartosz,3,0,1,1,biofizyka,Uniwersytet Łódzki
Jerzy,Bałdyga,6,0,1,1,inżynieria chemiczna,Politechnika Warszawska
Stefan,Berczyński,6,0,0,1,budowa i eksploatacja maszyn,Zachodniopomorski Uniwersytet Technologiczny w Szczecinie
Piotr,Biler,5,1,0,1,matematyka,Uniwersytet Wrocławski
Barbara,Bilińska,3,0,0,1,biologia,Uniwersytet Jagielloński
Leszek,Blacha,6,0,0,1,metalurgia,Politechnika Śląska
Wojciech,Bonenberg,6,1,1,1,architektura i urbanistyka,Politechnika Poznańska
Adam,Boratyński,3,0,1,0,biologia,Instytut Dendrologii Polskiej Akademii Nauk w Kórniku
Tomasz,Borecki,3,1,1,1,leśnictwo,Szkoła Główna Gospodarstwa Wiejskiego w Warszawie
Ryszard,Borowiecki,2,1,1,0,nauki o zarządzaniu,Uniwersytet Ekonomiczny w Krakowie
Maria,Borysewicz-Lewicka,4,0,1,0,stomatologia,Uniwersytet Medyczny im. Karola Marcinkowskiego w Poznaniu
Mariusz,Bratnicki,2,0,1,1,nauki o zarządzaniu,Uniwersytet Ekonomiczny w Katowicach
Andrzej,Bronk,1,1,0,0,religioznawstwo,Katolicki Uniwersytet Lubelski Jana Pawła II
Lesław,Brunarski,6,1,0,0,budownictwo,Instytut Techniki Budowlanej w Warszawie
Bogumił,Brzeziński,1,0,1,0,prawo,Uniwersytet Mikołaja Kopernika w Toruniu
Jerzy,Brzeziński,1,1,1,1,psychologia,Uniwersytet im. Adama Mickiewicza w Poznaniu
Tomasz,Brzozowski,4,0,0,1,biologia medyczna,Uniwersytet Jagielloński
Andrzej,Bręborowicz,4,0,1,1,biologia medyczna,Uniwersytet Medyczny im. Karola Marcinkowskiego w Poznaniu
Michał,Buchowski,1,0,1,1,religioznawstwo,Uniwersytet im. Adama Mickiewicza w Poznaniu
Adam,Budnikowski,2,1,0,1,ekonomia,Szkoła Główna Handlowa w Warszawie
Wojciech,Budzyński,3,1,1,0,agronomia,Uniwersytet Warmińsko -Mazurski w Olsztynie
Marek,Bugdol,1,0,1,0,nauki o zarządzaniu,Uniwersytet Jagielloński w Krakowie
Grzegorz,Bujacz,5,0,1,1,biotechnologia,Politechnika Łódzka
Andrzej,Buko,1,0,0,1,archeologia,Uniwersytet Warszawski
Tadeusz,Burczyński,6,1,0,0,mechanika,Politechnika Śląska
Maciej,Buszewicz,7,0,1,1,sztuki piękne,Akademia Sztuk Pięknych w Warszawie
Bogusław,Buszewski,5,0,1,1,chemia,Uniwersytet Mikołaja Kopernika w Toruniu
Adam,Błaś,1,1,0,0,nauki o administracji,Uniwersytet Wrocławski
Jerzy,Błażejowski,5,0,1,0,chemia,Uniwersytet Gdański
Stanisław,Cebula,3,0,1,1,ogrodnictwo,Uniwersytet Rolniczy im. Hugona Kołłątaja w Krakowie
Wojciech,Chlebda,1,0,1,1,językoznawstwo,Uniwersytet Opolski
Tadeusz,Chmielniak,6,1,0,0,energetyka,Politechnika Śląska
Jan,Chochorowski,1,1,1,0,archeologia,Uniwersytet Jagielloński w Krakowie
Krystyna,Chojnicka,1,0,0,1,prawo,Uniwersytet Jagielloński
Maria,Chomyszyn-Gajewska,4,0,1,0,stomatologia,Uniwersytet Jagielloński w Krakowie
Leopold,Ciborowski,1,1,0,0,nauki wojskowe,Akademia Obrony Narodowej w Warszawie
Czesław,Cierniewski,3,1,0,0,biochemia,Uniwersytet Medyczny w Łodzi
Szymon,Cyfert,2,0,0,1,nauki o zarządzaniu,Uniwersytet Ekonomiczny w Poznaniu
Stanisław,Czuczwar,4,1,0,0,biologia medyczna,Akademia Medyczna im. prof. Feliksa Skubiszewskiego w Lublinie
Andrzej,Czyżewski,2,0,1,1,ekonomia,Uniwersytet Ekonomiczny w Poznaniu
Stefan,Czyżewski,7,1,0,0,sztuki filmowe,Państwowa Wyższa Szkoła Filmowa  Telewizyjna i Teatralna im. Leona Schillera w Łodzi
Marek,Darowski,6,0,1,0,biocybernetyka i inżynieria biomedyczna,Instytut Biocybernetyki i Inżynierii Biomedycznej im. Macieja Nałęcza Polskiej Akademii Nauk w Warszawie
Andrzej,Demenko,6,0,0,1,elektrotechnika,Politechnika Poznańska
Krystyna,Demska-Zakęś,3,0,0,1,rybactwo,Uniwersytet Warmińsko-Mazurski w Olsztynie
Andrzej,Dobek,5,1,1,0,biofizyka,Uniwersytet im. Adama Mickiewicza w Poznaniu
Anna,Dobrzańska,4,1,0,0,medycyna,"Instytut „Pomnik-Centrum Zdrowia Dziecka"" w Warszawie"
Zbigniew,Dobrzański,3,0,1,0,zootechnika,Uniwersytet Przyrodniczy we Wrocławiu
Tadeusz,Dola,1,1,0,1,nauki teologiczne,Uniwersytet Opolski
Bogdan,Dolnicki,1,0,1,1,nauki o administracji,Uniwersytet Śląski w Katowicach
Czesław,Domański,2,1,1,0,ekonomia,Uniwersytet Łódzki
Michał,Drews,4,1,0,0,medycyna,Uniwersytet Medyczny w Poznaniu
Józef,Dubiński,6,1,0,0,górnictwo i geologia inżynierska,Główny Instytut Górnictwa
Zofia,Duniewska,1,0,0,1,prawo,Uniwersytet Łódzki
Henryk,Dyja,6,1,1,0,metalurgia,Politechnika Częstochowska
Jolanta,Dylewska,7,0,0,1,sztuki filmowe,Państwowa Wyższa Szkoła Filmowa Telewizyjna i Teatralna im. Leona Schillera w Łodzi Wydział Operatorski i Realizacji Telewizyjnej
Danuta,Dzierżanowska,4,1,0,0,medycyna,"Instytut „Pomnik-Centrum Zdrowia Dziecka"" w Warszawie"
Adam,Dziki,4,0,0,1,medycyna,Uniwersytet Medyczny w Łodzi I Katedra Chirurgii
Władysław,Dąbrowski,5,0,0,1,biofizyka,Akademia Górniczo-Hutnicza im. Stanisława Staszica w Krakowie
Jerzy,Długoński,3,0,1,1,mikrobiologia,Uniwersytet Łódzki
Jan,Ebert,6,1,0,0,elektronika,Politechnika Warszawska
Jerzy,Fabiszewski,3,1,0,0,ekologia,Uniwersytet Przyrodniczy we Wrocławiu
Bogusław,Fiedor,2,1,0,0,ekonomia,Uniwersytet Ekonomiczny we Wrocławiu
Tadeusz,Figiel,5,1,0,0,matematyka,Instytut Matematyczny PAN w Sopocie
Kazimierz,Flaga,6,1,0,0,budownictwo,Politechnika Krakowska im. Tadeusza Kościuszki
Zbigniew,Florjańczyk,5,1,1,1,technologia chemiczna,Politechnika Warszawska
Krzysztof,Formicki,3,1,1,1,rybactwo,Zachodniopomorski Uniwersytet Technologiczny w Szczecinie
Teresa,Fortuna,3,0,0,1,technologia żywności i żywienia,Uniwersytet Rolniczy im. Hugona Kołłątaja w Krakowie
Kazimierz,Furtak,6,0,0,1,budownictwo,Politechnika Krakowska im. Tadeusza Kościuszki
Zbigniew,Gaciong,4,1,1,1,medycyna,Warszawski Uniwersytet Medyczny
Stanisław,Gajda,1,1,0,0,językoznawstwo,Uniwersytet Opolski
Józef,Gawlik,6,0,1,1,budowa i eksploatacja maszyn,Politechnika Krakowska im. Tadeusza Kościuszki
Jacek,Gawroński,5,0,1,0,chemia,Uniwersytet im. Adama Mickiewicza w Poznaniu
Jan,Gawęcki,3,1,0,0,technologia żywności i żywienia,Uniwersytet Przyrodniczy w Poznaniu
Robert,Gałązka,5,1,0,0,fizyka,Instytut Fizyki PAN w Warszawie
Zofia,Gdaniec,5,0,0,1,biochemia,Instytut Chemii Bioorganicznej Polskiej Akademii Nauk
Jerzy,Gierusz,2,0,0,1,finanse,Uniwersytet Gdański
Marian,Giżejowski,6,0,1,1,budownictwa,Politechnika Warszawska
Beata,Glinka,1,0,0,1,nauki o zarządzaniu,Uniwersytet Warszawski
Krzysztof,Globisz,7,0,1,0,sztuki teatralne,Państwowa Wyższa Szkoła Teatralna im. Ludwika Solskiego w Krakowie
Andrzej,Gomułowicz,1,0,1,0,prawo,Uniwersytet im. Adama Mickiewicza w Poznaniu
Elżbieta,Gondek,1,1,0,0,bibliologia i informatologia,Uniwersytet Śląski
Marian,Gorynia,2,1,0,1,ekonomia,Uniwersytet Ekonomiczny w Poznaniu
Tomasz,Gruszecki,3,0,0,1,zootechnika,Uniwersytet Przyrodniczy w Lublinie
Edward,Guzik,6,0,1,1,metalurgia,Akademia Górniczo-Hutnicza im. Stanisława Staszica w Krakowie
Sławomir,Gzell,6,1,1,0,architektura i urbanistyka,Politechnika Warszawska
Jolanta,Góralczyk,7,0,0,1,sztuki teatralne,Państwowa Wyższa Szkoła Teatralna im. L. Solskiego w Krakowie Wydział Lalkarski we Wrocławiu
Paweł,Góralczyk,1,1,1,0,nauki teologiczne,Uniwersytet Kardynała Stefana Wyszyńskiego w Warszawie
Wojciech,Góralski,1,1,0,0,prawo kanoniczne,Uniwersytet Kardynała Stefana Wyszyńskiego w Warszawie
Henryk,Górecki,5,1,1,0,technologia chemiczna,Politechnika Wrocławska
Lech,Górniewicz,5,1,0,0,matematyka,Uniwersytet Mikołaja Kopernika w Toruniu
Maria,Górska,4,0,1,0,medycyna,Uniwersytet Medyczny w Białymstoku
Renata,Górska,4,1,0,0,stomatologia,Warszawski Uniwersytet Medyczny
Aleksandra,Górska-Szajewska,7,1,0,0,sztuki teatralne,Akademia Teatralna im. Aleksandra Zelwerowicza w Warszawie
Andrzej,Górski,4,1,0,0,biologia medyczna,Warszawski Uniwersytet Medyczny
Jan,Górski,4,1,0,0,medycyna,Uniwersytet Medyczny w Białymstoku
Krzysztof,Góźdź,1,1,1,1,nauki teologiczne,Katolicki Uniwersytet Lubelski Jana Pawła II
Andrzej,Gładysz,4,1,0,0,medycyna,Akademia Medyczna im. Piastów Śląskich we Wrocławiu
Adam,Hamrol,6,0,0,1,budowa i eksploatacja maszyn,Politechnika Poznańska
Mirosława,Hanusiewicz-Lavallee,1,0,0,1,literaturoznawstwo,Katolicki Uniwersytet Lubelski Jana Pawła II
Roman,Hauser,1,0,1,1,nauki o administracji,Uniwersytet im. Adama Mickiewicza w Poznaniu
Andrzej,Heim,6,1,0,0,inżynieria chemiczna,Politechnika Łódzka
Krzysztof,Hejke,7,0,1,1,sztuki filmowe,Państwowa Wyższa Szkoła Filmowa Telewizyjna i Teatralna im. Leona Schillera w Łodzi
Ryszard,Hycner,5,1,0,0,geodezja i kartografia,Akademia Górniczo-Hutnicza im. Stanisława Staszica w Krakowie
Paweł,Idziak,5,0,1,1,informatyka,Uniwersytet Jagielloński w Krakowie
Hubert,Izdebski,1,1,1,0,nauki o administracji,Uniwersytet Warszawski
Marek,Jabłonowski,1,0,1,1,nauki o mediach,Uniwersytet Warszawski
Witold,Jacyków,7,0,1,1,sztuki filmowe,Uniwersytet Śląski w Katowicach
Paweł,Jagodziński,4,0,0,1,biologia medyczna,Uniwersytet Medyczny im. Karola Marcinkowskiego w Poznaniu
Krzysztof,Jajuga,2,1,1,1,ekonomia,Uniwersytet Ekonomiczny we Wrocławiu
Adam,Jakubowski,5,0,1,0,matematyka,Uniwersytet Mikołaja Kopernika w Toruniu
Marek,Jakóbisiak,4,0,1,0,biologia medyczna,Warszawski Uniwersytet Medyczny
Zbigniew,Janczewski,1,0,0,1,prawo kanoniczne,Uniwersytet Kardynała Stefana Wyszyńskiego w Warszawie
Włodzimierz,Janke,6,1,0,0,elektronika,Politechnika Koszalińska
Andrzej,Jankowski,5,1,0,0,geografia,Uniwersytet Śląski w Katowicach
Jan,Jankowski,3,1,1,1,zootechnika,Uniwersytet Warmińsko-Mazurski w Olsztynie
Małgorzata,Jankun-Woźnicka,3,0,1,0,rybactwo,Uniwersytet Warmińsko-Mazurski w Olsztynie
Tomasz,Janowski,3,1,1,1,nauki weterynaryjne,Uniwersytet Warmińsko- Mazurski w Olsztynie
Andrzej,Januszewicz,4,0,0,1,medycyna,Instytut Kardiologii im. Prymasa Tysiąclecia Stefana Kardynała Wyszyńskiego
Wiesława,Jarmuszkiewicz,3,0,0,1,biochemia,Uniwersytet im. Adama Mickiewicza w Poznaniu
Barbara,Jarząb,4,0,0,1,biologia medyczna,Centrum Onkologii-Instytut im. Marii Skłodowskiej-Curie Oddział w Gliwicach
Andrzej,Jarzębski,6,0,0,1,inżynieria chemiczna,Instytut Inżynierii Chemicznej Polskiej Akademii Nauk ORAZ Politechnika Śląska
Jan,Jasiczak,2,1,1,0,towaroznawstwo,Uniwersytet Ekonomiczny w Poznaniu
Zofia,Jasińska,3,1,0,0,agronomia,Uniwersytet Przyrodniczy we Wrocławiu
Tomasz,Jasiński,1,0,1,1,historia,Uniwersytet im. Adama Mickiewicza w Poznaniu
Krzysztof,Jażdżewski,3,1,0,0,biologia,Uniwersytet Łódzki
Leopold,Jeziorski,6,1,0,0,inżynieria materiałowa,Politechnika Częstochowska
Jerzy,Jeznach,3,0,0,1,ochrona i kształtowanie środowiska,Szkoła Główna Gospodarstwa Wiejskiego w Warszawie
Janusz,Jeżowiecki,6,1,1,0,inżynieria środowiska,Politechnika Wrocławska
Bogumiła,Jung,7,1,1,0,sztuki projektowe,Uniwersytet Artystyczny w Poznaniu
Witold,Jurek,2,0,1,1,ekonomia,Uniwersytet Ekonomiczny w Poznaniu
Wiesław,Jędrzejczak,4,0,0,1,medycyna,Warszawski Uniwersytet Medyczny
Wojciech,Kacalak,6,0,1,0,budowa i eksploatacja maszyn,Politechnika Koszalińska
Janusz,Kacprzyk,6,0,1,1,informatyka,Instytut Badań Systemowych Polskiej Akademii Nauk w Warszawie
Waldemar,Kaczmarek,1,0,1,1,nauki o obronności,Akademia Obrony Narodowej w Warszawie
Tadeusz,Kaczorek,6,1,0,0,automatyka i robotyka,Politechnika Białostocka
Jerzy,Kaczorowski,5,1,0,0,matematyka,Uniwersytet im. Adama Mickiewicza w Poznaniu
Paweł,Kafarski,5,1,1,1,chemia,Politechnika Wrocławska
Kalina,Kawecka-Jaszcz,4,1,0,0,medycyna,Uniwersytet Jagielloński w Krakowie
Agnieszka,Kijewska,1,0,1,1,filozofia,Katolicki Uniwersytet Lubelski Jana Pawła II
Danuta,Kisielewska,5,1,0,0,fizyka,Akademia Górniczo-Hutnicza im. Stanisława Staszica w Krakowie
Jerzy,Klamka,6,1,1,0,automatyka i robotyka,Politechnika Śląska
Tadeusz,Klimowicz,1,1,0,0,nauki filologiczne,Uniwersytet Wrocławski
Marian,Klinger,4,0,1,1,medycyna,Uniwersytet Medyczny im. Piastów Śląskich we Wrocławiu
Włodzimierz,Kluciński,3,1,1,0,nauki weterynaryjne,Szkoła Główna Gospodarstwa Wiejskiego w Warszawie
Zygmunt,Klusek,5,0,1,0,oceanologia,Instytut Oceanologii PAN w Sopocie
Krzysztof,Knittel,7,0,0,1,reżyseria dźwięku,Uniwersytet Muzyczny Fryderyka Chopina
Ryszard,Knosala,6,0,1,0,inżynieria produkcji,Politechnika Opolska
Wojciech,Kobrzyński,7,0,0,1,sztuki teatralne,Akademia Teatralna im. Aleksandra Zelwerowicza w Warszawie Wydział Sztuki Lalkarskiej
Zenon,Kokot,4,1,1,0,nauki farmaceutyczne,Uniwersytet Medyczny w Poznaniu
Leszek,Kolankiewicz,1,0,0,1,kulturoznawstwo,Uniwersytet Warszawski
Wacław,Kollek,6,1,0,0,budowa i eksploatacja maszyn,Politechnika Wrocławska
Wiesław,Komasa,7,0,1,0,sztuki teatralne,Akademia Teatralna im. Aleksandra Zelwerowicza w Warszawie
Andrzej,Koncicki,3,0,0,1,weterynaria,Uniwersytet Warmińsko-Mazurski w Olsztynie
Tomasz,Konopka,4,0,1,1,stomatologia,Uniwersytet Medyczny im. Piastów Śląskich we Wrocławiu
Józef,Korbicz,6,0,1,1,automatyka i robotyka,Uniwersytet Zielonogórski
Henryk,Koroniak,5,1,0,0,chemia,Uniwersytet im. Adama Mickiewicza w Poznaniu
Grażyna,Korpal,7,1,1,0,konserwacja i restauracja dzieł sztuki,Akademia Sztuk Pięknych im. Jana Matejki w Krakowie
Ryszard,Korycki,6,0,0,1,włókiennictwo,Politechnika Łódzka
Cezary,Kosikowski,1,1,0,0,prawo,Europejska Wyższa Szkoła Prawa i Administracji w Warszawie
Jacek,Kossut,5,0,1,1,fizyka,Instytut Fizyki PAN w Warszawie
Stanisław,Kostrzewa,3,1,0,0,kształtowanie środowiska,Uniwersytet Przyrodniczy we Wrocławiu
Andrzej,Kotecki,3,0,1,1,agronomia,Uniwersytet Przyrodniczy we Wrocławiu
Paweł,Koteja,3,0,0,1,ekologia,Uniwersytet Jagielloński
Irena,Kotowska,2,0,1,0,ekonomia,Szkoła Główna Handlowa w Warszawie
Janusz,Kowal,6,0,1,1,mechanika,Akademia Górniczo-Hutnicza im. Stanisława Staszica w Krakowie
Tadeusz,Kowalski,3,0,1,1,leśnictwo,Uniwersytet Rolniczy im. Hugona Kołłątaja w Krakowie
Maria,Koziołkiewicz,5,1,0,0,biotechnologia,Politechnika Łódzka
Monika,Kozłowska,3,0,0,1,ogrodnictwo,Uniwersytet Przyrodniczy w Poznaniu
Krzysztof,Kozłowski,6,0,1,1,automatyka i robotyka,Politechnika Poznańska 
Sławomir,Kołodziej,5,0,0,1,matematyka,Uniwersytet Jagielloński
Eugeniusz,Kołota,3,1,0,0,ogrodnictwo,Uniwersytet Przyrodniczy we Wrocławiu
Elżbieta,Krajewska-Kułak,4,0,1,1,nauki o zdrowiu,Uniwersytet Medyczny w Białymstoku
Marek,Krawczyk,4,1,0,0,medycyna,Warszawski Uniwersytet Medyczny
Stanisław,Krawczyński,7,0,1,0,dyrygentura,Akademia Muzyczna w Krakowie
Izabella,Krucińska,6,1,1,0,włókiennictwo,Politechnika Łódzka
Tadeusz,Krygowski,5,1,0,0,chemia,Uniwersytet Warszawski
Ryszard,Kryza,5,1,0,0,geologia,Uniwersytet Wrocławski
Maciej,Krzakowski,4,1,0,1,medycyna,Centrum Onkologii - Instytut im. Marii Skłodowskiej-Curie w Warszawie
Kazimierz,Krzemień,5,0,1,1,geografia,Uniwersytet Jagielloński w Krakowie
Jan,Królikowski,5,1,1,0,fizyka,Uniwersytet Warszawski
Małgorzata,Książek-Czermińska,1,1,0,0,literaturoznawstwo,Uniwersytet Gdański
Maciej,Kuboń,3,0,0,1,inżynieria rolnicza,Uniwersytet Rolniczy im. Hugona Kołłątaja w Krakowie
Teresa,Kulak,1,1,0,0,historia,Uniwersytet Wrocławski
Paweł,Kulesza,5,0,0,1,chemia,Uniwersytet Warszawski Wydział Chemii
Jan,Kulig,4,1,0,0,medycyna,Uniwersytet Jagielloński w Krakowie
Małgorzata,Kupsik,7,0,1,1,rytmika i taniec,Akademia Muzyczna im. Ignacego Jana Paderewskiego w Poznaniu
Marek,Kuryłowicz,1,1,1,0,prawo,Uniwersytet Marii Curie - Skłodowskiej w Lublinie
Piotr,Kusiewicz,7,1,1,1,wokalistyka,Akademia Muzyczna im. Stanisława Moniuszki w Gdańsku
Mirosław,Kutyłowski,5,0,1,1,informatyka,Politechnika Wrocławska
Jan,Kuś,3,1,0,0,agronomia,Instytut Uprawy Nawożenia i Gleboznawstwa - PIB w Puławach
Jan,Kuś,4,1,1,0,medycyna,Instut Gruźlicy i Chorób Płuc w Warszawie
Stefan,Kwiatkowski,1,1,0,0,pedagogika,Akademia Pedagogiki Specjalnej im. Marii Grzegorzewskiej w Warszawie
Andrzej,Kwieciński,3,1,0,0,inżynieria rolnicza,Uniwersytet Przyrodniczy w Lublinie
Marian,Kwietniewski,6,0,0,1,inżynieria środowiska,Politechnika Warszawska
Grażyna,Kędzielawska,7,1,0,0,sztuki filmowe,Państwowa Wyższa Szkoła Filmowa Telewizyjna i Teatralna im. Leona Schillera w Łodzi
Krzysztof,Kłosiński,1,1,1,1,literaturoznawstwo,Uniwersytet Śląski w Katowicach
Bernard,Lammek,5,0,0,1,ochrona środowiska,Uniwersytet Gdański
Adrian,Langer,5,0,0,1,matematyka,Instytut Matematyczny Polskiej Akademii Nauk ORAZ Uniwersytet Warszawski
Józef,Langfort,4,0,0,1,nauki o kulturze fizycznej,Instytut Medycyny Doświadczalnej i Klinicznej im. Mirosława Mossakowskiego Polskiej Akademii Nauk ORAZ Akademia Wychowania Fizycznego im. Jerzego Kukuczki w Katowicach
Piotr,Lass,4,0,0,1,nauki o zdrowiu,Uniwersytet Gdański
Rafał,Latała,5,0,1,0,matematyka,Uniwersytet Warszawski
Cyryl,Latos-Grażyński,5,1,1,1,chemia,Uniwersytet Wrocławski
Stanisław,Ledakowicz,5,0,1,0,biotechnologia,Politechnika Łódzka
Anna,Legeżyńska,1,1,1,1,literaturoznawstwo,Uniwersytet im. Adama Mickiewicza w Poznaniu
Grzegorz,Leszczyński,1,0,1,0,prawo kanoniczne,Uniwersytet Kardynała Stefana Wyszyńskiego w Warszawie
Janusz,Lewandowski,6,0,1,1,energetyka,Politechnika Warszawska
Andrzej,Lewiński,4,1,1,1,medycyna,"Instytut ""Centrum Zdrowia Matki Polki"" w Łodzi"
Jan,Lichtarski,2,1,0,0,nauki o zarządzaniu,Uniwersytet Ekonomiczny we Wrocławiu
Janusz,Limon,4,1,1,0,biologia medyczna,Gdański Uniwersytet Medyczny
Janusz,Lipecki,3,1,0,0,ogrodnictwo,Uniwersytet Przyrodniczy w Lublinie
Janusz,Lipkowski,5,1,0,0,chemia,Instytut Chemii Fizycznej PAN w Warszawie
Jerzy,Lis,5,1,0,0,technologia chemiczna,Akademia Górniczo-Hutnicza im. Stanisława Staszica w Krakowie
Andrzej,Lisowski,2,1,0,0,geografia,Uniwersytet Warszawski
Hanna,Litwińczuk,1,0,0,1,prawo,Uniwersytet Warszawski
Zygmunt,Litwińczuk,3,1,1,0,zootechnika,Uniwersytet Przyrodniczy w Lublinie
Stanisław,Lorenc,5,1,0,0,geologia,Uniwersytet im. Adama Mickiewicza w Poznaniu
Tadeusz,Lubelski,1,1,1,0,nauki o sztuce,Uniwersytet Jagielloński w Krakowie
Tomasz,Mach,4,0,1,0,medycyna,Uniwersytet Jagielloński w Krakowie
Irena,Machaj,1,0,0,1,socjologia,Uniwersytet Szczeciński
Andrzej,Mackiewicz,4,1,1,1,medycyna,Uniwersytet Medyczny w Poznaniu
Janusz,Madej,3,1,0,0,nauki weterynaryjne,Uniwersytet Przyrodniczy w Wrocławiu
Andrzej,Makowski,1,1,0,0,nauki wojskowe,Akademia Marynarki Wojennej im. Bohaterów Westerplatte
Wojciech,Malajkat,7,0,1,0,sztuki teatralne,Akademia Teatralna im. Aleksandra Zelwerowicza w Warszawie
Jacek,Malejczyk,4,0,1,0,biologia medyczna,Warszawski Uniwersytet Medyczny
Elżbieta,Malinowska,5,0,0,1,biotechnologia,Politechnika Warszawska
Jerzy,Manerowski,6,1,1,1,transport,Politechnika Warszawska
Krzysztof,Marchelek,6,1,0,0,budowa i eksploatacja maszyn,Zachodniopomorski Uniwersytet Technologiczny w Szczecinie
Bogdan,Marciniec,5,1,0,0,chemia,Uniwersytet im. Adama Mickiewicza w Poznaniu
Barbara,Markiewicz,1,1,0,0,filozofia,Uniwersytet Warszawski
Leszek,Marks,5,1,1,0,geologia,Uniwersytet Warszawski
Mirosława,Marody,1,0,0,1,socjologia,Uniwersytet Warszawski
Piotr,Masojć,3,0,0,1,agronomia,Zachodniopomorski Uniwersytet Technologiczny
Stanisław,Massel,5,1,0,0,oceanologia,Instytut Oceanologii PAN w Sopocie
Andrzej,Materka,6,0,0,1,elektronika,Politechnika Łódzka
Jacek,Matyszkiewicz,5,0,1,0,geologia,Akademia Górniczo-Hutnicza im. Stanisława Staszica w Krakowie
Paweł,Małdyk,4,1,1,0,medycyna,Instytut Reumatologii im. prof. dr hab. med. Eleonory Reicher w Warszawie
Piotr,Małkowski,4,1,0,0,nauki o zdrowiu,Warszawski Uniwersytet Medyczny
Jolanta,Małyszko,4,0,0,1,medycyna,Uniwersytet Medyczny w Białymstoku
Elżbieta,Mańczak-Wohlfeld,1,1,1,1,językoznawstwo,Uniwersytet Jagielloński w Krakowie
Zbyszko,Melosik,1,1,0,1,pedagogika,Uniwersytet im. Adama Mickiewicza w Poznaniu
Wojciech,Michalak,1,1,0,0,nauki wojskowe,Akademia Obrony Narodowej w Warszawie
Elżbieta,Mikiciuk-Olasik,4,0,0,1,nauki farmaceutyczne,Uniwersytet Medyczny w Łodzi Katedra Chemii Farmaceutycznej
Katarzyna,Mikocka-Rachuba,1,0,1,0,historia sztuki,Instytut Sztuki Polskiej Akademii Nauk w Warszawie
Krzysztof,Mikulski,1,1,1,1,historia,Uniwersytet Mikołaja Kopernika w Toruniu
Eugeniusz,Milchert,5,0,1,0,technologia chemiczna,Zachodniopomorski Uniwersytet Technologiczny w Szczecinie
Sławomir,Milewski,5,1,0,0,biotechnologia,Politechnika Gdańska
Andrzej,Misiuk,1,0,0,1,nauki o bezpieczeństwie,Uniwersytet Warszawski
Andrzej,Mocek,3,1,1,1,agronomia,Uniwersytet Przyrodniczy w Poznaniu
Waldemar,Moliński,3,0,1,0,drzewnictwo,Uniwersytet Przyrodniczy w Poznaniu
Janusz,Moryś,4,0,0,1,biologia medyczna,Gdański Uniwersytet Medyczny
Janusz,Mroczka,6,0,1,1,elektronika,Politechnika Wrocławska
Andrzej,Muszyński,5,0,0,1,geologia,Uniwersytet im. Adama Mickiewicza w Poznaniu
Michał,Myśliwiec,4,1,1,0,medycyna,Uniwersytet Medyczny w Białymstoku
Jacek,Namieśnik,5,1,1,0,chemia,Politechnika Gdańska
Jarosław,Napiórkowski,5,0,1,1,geofizyka,Instytut Geofizyki PAN w Warszawie
Jacek,Nawrocki,5,0,1,0,ochrona środowiska,Uniwersytet im. Adama Mickiewicza w Poznaniu
Bogdan,Nogalski,2,1,1,0,nauki o zarządzaniu,Uniwersytet Gdański
Czesław,Nosal,1,1,0,0,psychologia,Szkoła Wyższa Psychologii Społecznej
Wojciech,Noszczyk,4,1,0,0,medycyna,Warszawski Uniwersytet Medyczny
Wiesław,Nowak,5,0,1,0,biofizyka,Uniwersytet Mikołaja Kopernika w Toruniu
Alina,Nowicka-Jeżowa,1,0,1,0,literaturoznawstwo,Uniwersytet Warszawski
Andrzej,Noworyta,6,0,1,0,inżynieria chemiczna,Politechnika Wrocławska
Piotr,Oleś,1,1,0,0,psychologia,Katolicki Uniwersytet Lubelski Jana Pawła II
Tomasz,Opala,4,1,1,0,nauki o zdrowiu,Uniwersytet Medyczny w Poznaniu
Grzegorz,Opolski,4,1,1,1,medycyna,Warszawski Uniwersytet Medyczny
Jacek,Osiewalski,2,0,1,0,ekonomia,Uniwersytet Ekonomiczny w Krakowie
Wiesław,Osiński,4,1,1,1,nauki o kulturze fizycznej,Akademia Wychowania Fizycznego im. Eugeniusza Piaseckiego w Poznaniu
Wiesław,Ostachowicz,6,0,1,1,mechanika,Instytut Maszyn Przepływowych im Roberta Szewalskiego Polskiej Akademii Nauk w Gdańsku
Jan,Ostrowski,1,1,0,0,historia sztuki,Uniwersytet Jagielloński w Krakowie
Stanisław,Owsiak,2,1,1,0,ekonomia,Uniwersytet Ekonomiczny w Krakowie
Andrzej,Ożyhar,5,0,1,0,biotechnologia,Politechnika Wrocławska
Jan,Pachecka,4,1,0,0,nauki farmaceutyczne,Warszawski Uniwersytet Medyczny
Krzysztof,Pachucki,5,0,0,1,fizyka,Uniwersytet Warszawski
Andrzej,Pająk,4,1,1,0,nauki o zdrowiu,Uniwersytet Jagielloński w Krakowie
Emil,Panek,2,1,0,0,ekonomia,Uniwersytet Ekonomiczny w Poznaniu
Zbigniew,Pasek,1,0,0,1,religioznawstwo,Akademia Górniczo-Hutnicza im. Stanisława Staszica w Krakowie
Marian,Pasko,6,0,1,0,elektrotechnika,Politechnika Śląska w Gliwicach
Adam,Patkowski,5,0,0,1,biofizyka,Uniwersytet im. Adama Mickiewicza w Poznaniu
Jan,Pawełek,3,0,1,1,ochrona i kształtowanie środowiska,Uniwersytet Rolniczy im. Hugona Kołłątaja w Krakowie
Jacek,Pawłowski,1,0,1,0,nauki o bezpieczeństwie,Akademia Obrony Narodowej w Warszawie
Maciej,Pawłowski,4,0,1,0,nauki farmaceutyczne,Uniwersytet Jagielloński w Krakowie
Maksymilian,Pazdan,1,1,0,0,prawo,Uniwersytet Śląski w Katowicach
Tadeusz,Pałko,6,1,0,0,biocybernetyka i inżynieria biomedyczna,Politechnika Warszawska
Jacek,Paśniczek,1,1,1,1,nauki o poznaniu i komunikacji społecznej,Uniwersytet Marii Curie - Skłodowskiej w Lublinie
Zygmunt,Pejsak,3,0,1,1,weterynaria,Państwowy Instytut Weterynaryjny - Państwowy Instytut Badawczy w Puławach
Jan,Perszon,1,0,1,1,teologia,Uniwersytet Mikołaja Kopernika w Toruniu
Tadeusz,Peryt,5,0,1,1,geologia,Państwowy Instytut Geologiczny – PIB
Kaja,Pietsch,5,1,0,0,geofizyka,Akademia Górniczo-Hutnicza im. Stanisława Staszica w Krakowie
Jacek,Piskozub,5,0,0,1,oceanologia,Instytut Oceanologii Polskiej Akademii Nauk
Antoni,Polanowski,3,1,0,0,biotechnologia,Uniwersytet Przyrodniczy we Wrocławski
Wojciech,Popiołek,1,0,1,1,prawo,Uniwersytet Śląski w Katowicach
Aleksander,Posern-Zieliński,1,1,1,0,etnologia,Uniwersytet im. Adama Mickiewicza w Poznaniu
Remigiusz,Pośpiech,1,0,0,1,nauki o sztuce,Uniwersytet Wrocławski
Grażyna,Prawelska-Skrzypek,1,1,1,1,nauki o zarządzaniu,Uniwersytet Jagielloński w Krakowie
Adam,Proń,5,0,0,1,chemia,Politechnika Warszawska
Stefan,Pruszyński,3,1,0,0,agronomia,Instytut Ochrony Roślin - PIB w Poznaniu
Stanisław,Przestalski,3,1,0,0,biofizyka,Uniwersytet Przyrodniczy we Wrocławiu
Wojciech,Przetakiewicz,6,1,1,1,inżynieria materiałowa,Wojskowa Akademia Techniczna im. Jarosława Dąbrowskiego w Warszawie
Barbara,Przewłocka,4,1,0,0,biologia medyczna,Instytut Farmakologii PAN w Krakowie
Krystyna,Przybylska,3,1,0,0,leśnictwo,Uniwersytet Rolniczy w Krakowie im. H.Kołłątaja w Krakowie
Wiesława,Przybylska-Kapuścińska,2,0,1,1,finanse,Uniwersytet Ekonomiczny w Poznaniu
Czesław,Przybyła,3,1,1,0,kształtowanie środowiska,Uniwersytet Przyrodniczy w Poznaniu
Włodzimierz,Prądzyński,3,1,0,0,drzewnictwo,Uniwersytet Przyrodniczy w Poznaniu
Grażyna,Pstrokońska-Nawratil,7,0,1,1,kompozycja i teoria muzyki,Akademia Muzyczna im. Karola Lipińskiego we Wrocławiu
Włodzimierz,Puchnowski,7,1,0,0,instrumentalistka,Uniwersytet Muzyczny Fryderyka Chopina w Warszawie
Andrzej,Rachuba,1,1,0,0,historia,Instytut Historii im. Tadeusza Manteuffla PAN w Warszawie
Wojciech,Radomski,6,1,0,0,budownictwo,Politechnika Warszawska
Andrzej,Radziewicz-Winnicki,1,0,1,0,pedagogika,Uniwersytet Zielonogórski
Mansur,Rahnama-Hezavah,4,0,0,1,stomatologia,Uniwersytet Medyczny w Lublinie
Marek,Ratajczak,2,0,0,1,ekonomia,Uniwersytet Ekonomiczny w Poznaniu
Mariusz,Ratajczak,4,0,1,0,biologia medyczna,Pomorski Uniwersytet Medyczny w Szczecinie
Jarosław,Reguła,4,0,1,0,medycyna,Centrum Onkologii – Instytut im. Marii Skłodowskiej-Curie
Antoni,Rogalski,6,0,1,0,elektronika,Wojskowa Akademia Techniczna im. Jarosława Dąbrowskiego w Warszawie
Maria,Romanowska,2,1,1,1,nauki o zarządzaniu,Szkoła Główna Handlowa w Warszawie
Bogumiła,Rouba,7,0,0,1,konserwacja i restauracja dzieł sztuki,Uniwersytet Mikołaja Kopernika w Toruniu
Marek,Ruchała,4,0,0,1,medycyna,Uniwersytet Medyczny im. Karola Marcinkowskiego w Poznaniu
Wiesława,Rudnicka,3,1,0,0,mikrobiologia,Uniwersytet Łódzki
Bolesław,Rutkowski,4,0,1,0,medycyna,Gdański Uniwersytet Medyczny
Leszek,Rutkowski,6,1,1,1,informatyka,Politechnika Częstochowska
Witold,Rużyłło,4,1,0,0,medycyna,Instytut Kardiologii im. Prymasa Tysiąclecia Stefana Kardynała Wyszyńskiego w Warszawie
Wojciech,Rypniewski,5,0,1,0,biochemia,Instytut Chemii Bioorganicznej PAN w Poznaniu
Michał,Różyczka,5,1,1,1,astronomia,Centrum Astronomiczne im. Mikołaja Kopernika w Warszawie
Maciej,Salamon,1,1,1,0,historia,Uniwersytet Jagielloński w Krakowie
Wiesław,Sawicki,4,0,0,1,nauki farmaceutyczne,Gdański Uniwersytet Medyczny
Grażyna,Schneider-Skalska,6,0,0,1,architektura i urbanistyka,Politechnika Krakowska im. Tadeusza Kościuszki
Tomasz,Schramm,1,0,1,1,historia,Uniwersytet im. Adama Mickiewicza w Poznaniu
Jacek,Siciński,3,0,1,1,ochrona środowiska,Uniwersytet Łódzki
Jakub,Siemek,6,1,0,0,górnictwo i geologia inżynierska,Akademia Górniczo-Hutnicza w Krakowie im. Stanisława Staszica
Jan,Sieniawski,6,0,1,1,inżynieria materiałowa,Politechnika Rzeszowska im. Ignacego Łukasiewicza
Bronisław,Sitek,1,0,0,1,prawo,SWPS Uniwersytet Humanistyczno-społeczny z siedzibą w Warszawie
Henryk,Skarżyński,4,0,1,1,medycyna,Instytut Fizjologii i Patologii Słuchu w Warszawie
Stanisław,Skompski,5,0,0,1,geologia,Uniwersytet Warszawski
Anna,Skorupska,3,0,1,0,biotechnologia,Uniwersytet Marii Curie-Skłodowskiej w Lublinie
Andrzej,Sobkowiak,5,0,0,1,technologia chemiczna,Politechnika Rzeszowska im. Ignacego Łukasiewicza
Bogdan,Sojkin,2,0,0,1,towaroznawstwo,Uniwersytet Ekonomiczny w Poznaniu
Barbara,Sosińska-Kalata,1,0,1,0,bibliologia i informatologia,Uniwersytet Warszawski
Roman,Srzednicki,5,1,0,0,matematyka,Uniwersytet Jagielloński w Krakowie
Marian,Stala,1,0,1,1,literaturoznawstwo,Uniwersytet Jagielloński w Krakowie
Teresa,Starzyńska,4,0,1,1,medycyna,Pomorski Uniwersytet Medyczny w Szczecinie
Łukasz,Stettner,5,0,1,0,matematyka,Instytut Matematyczny PAN w Warszawie
Grażyna,Stochel,5,0,0,1,chemia,Uniwersytet Jagielloński
Zygmunt,Strent,7,1,0,0,sztuki piękne,Akademia Sztuk Pięknych w Warszawie
Krzysztof,Strojek,4,0,0,1,medycyna,Śląski Uniwersytet Medyczny w Katowicach
Tadeusz,Stryjakiewicz,2,0,1,1,geografia,Uniwersytet im. Adama Mickiewicza w Poznaniu
Jerzy,Strzelczyk,1,1,0,0,historia,Uniwersytet im. Adama Mickiewicza w Poznaniu
Jerzy,Stuhr,7,1,0,0,sztuki teatralne,Państwowa Wyższa Szkoła Teatralna im. Ludwika Solskiego w Krakowie
Roch,Sulima,1,1,0,0,kulturoznawstwo,Uniwersytet Warszawski
Jerzy,Supernat,1,0,0,1,nauki o administracji,Uniwersytet Wrocławski
Antoni,Sułek,1,0,1,0,socjologia,Uniwersytet Warszawski
Janusz,Sylwester,5,0,1,1,geofizyka,Centrum Badań Kosmicznych PAN - filia Wrocław
Irena,Szadkowska-Stańczyk,4,0,1,0,nauki o zdrowiu,Instytut Medycyny Pracy im. prof. dr. med. Jerzego Nofera w Łodzi
Jerzy,Szaflik,4,0,1,0,medycyna,Warszawski Uniwersytet Medyczny
Józef,Szala,6,1,0,0,budowa i eksploatacja maszyn,Uniwersytet Technologiczno-Przyrodniczy im. Jan i Jędrzeja Śniadeckich w Bydgoszczy
Marek,Szczepański,1,1,1,1,socjologia,Uniwersytet Śląski w Katowicach
Jan,Szczerbowski,3,1,0,0,rybactwo,Instytut Rybactwa Śródlądowego im. S. Sakowicza w Olsztynie
Piotr,Szefer,4,1,1,0,nauki farmaceutyczne,Gdański Uniwersytet Medyczny
Józef,Szlachta,3,1,1,0,inżynieria rolnicza,Uniwersytet Przyrodniczy we Wrocławiu
Krzysztof,Szlifirski,7,1,0,0,reżyseria dźwięku,Uniwersytet Muzyczny Fryderyka Chopina w Warszawie
Józef,Szmeja,3,0,1,1,ekologia,Uniwersytet Gdański
Tadeusz,Szubka,1,0,0,1,filozofia,Uniwersytet Szczeciński
Józef,Szudy,5,1,0,0,fizyka,Uniwersytet Mikołaja Kopernika w Toruniu
Władysława,Szulakiewicz,1,0,0,1,pedagogika,Uniwersytet Mikołaja Kopernika
Tadeusz,Szulc,3,1,0,0,zootechnika,Uniwersytet Przyrodniczy we Wrocławiu
Jerzy,Szwagrzyk,3,0,1,0,ekologia,Uniwersytet Rolniczy im. Hugona Kołłątaja w Krakowie
Ryszard,Szwarc,5,0,1,0,matematyka,Uniwersytet Wrocławski
Zofia,Szweykowska-Kulińska,3,1,1,1,biologia,Uniwersytet im. Adama Mickiewicza w Poznaniu
Antoni,Szydło,6,0,1,1,budownictwa,Politechnika Wrocławska
Andrzej,Sławiński,2,1,0,0,ekonomia,Szkoła Główna Handlowa w Warszawie
Ryszard,Słomski,3,0,1,1,biotechnologia,Uniwersytet Przyrodniczy w Poznaniu
Ryszard,Tadeusiewicz,6,1,0,0,automatyka i robotyka,Akademia Górniczo-Hutnicza im. Stanisława Staszica w Krakowie
Antoni,Tajduś,6,0,1,1,górnictwo i geologia inżynierska,Akademia Górniczo-Hutnicza im. Stanisława Staszica w Krakowie
Jan,Taler,6,0,1,1,energetyka,Politechnika Krakowska im. Tadeusza Kościuszki
Zdzisław,Targoński,3,1,1,1,biotechnologia,Uniwersytet Przyrodniczy w Lublinie
Elżbieta,Tarkowska,1,0,1,0,socjologia,Akademia Pedagogiki Specjalnej – socjologia
Andrzej,Tarlecki,5,1,0,0,informatyka,Uniwersytet Warszawski
Piotr,Tatjewski,6,0,0,1,automatyka i robotyka,Politechnika Warszawska
Michał,Tendera,4,1,1,1,medycyna,Śląski Uniwersytet Medyczny w Katowicach
Wiesław,Theiss,1,1,1,0,pedagogika,Uniwersytet Warszawski
Kazimierz,Tomala,3,0,1,0,ogrodnictwo,Szkoła Główna Gospodarstwa Wiejskiego w Warszawie
Mieczysław,Tomaszewski,7,1,0,0,kompozycja i teoria muzyki,Akademia Muzyczna w Krakowie
Tomasz,Trojanowski,4,1,1,1,medycyna,Uniwersytet Medyczny w Lublinie
Tomasz,Twardowski,3,1,1,0,biochemia,Instytut Chemii Bioorganicznej PAN w Poznaniu
Włodzimierz,Tyburski,1,1,1,0,filozofia,Uniwersytet Mikołaja Kopernika w Toruniu
Andrzej,Tylikowski,6,1,0,0,mechanika,Politechnika Warszawska
Jan,Udała,3,0,0,1,zootechnika,Zachodniopomorski Uniwersytet Technologiczny w Szczecinie
Jan,Wachowicz,6,0,1,1,górnictwo i geologia inżynierska,Główny Instytut Górnictwa w Katowicach
Bogdan,Walczak,1,1,0,0,językoznawstwo,Uniwersytet im. Adama Mickiewicza w Poznaniu
Jerzy,Walecki,4,0,1,1,medycyna,Centrum Medyczne Kształcenia Podyplomowego w Warszawie
Grzegorz,Wallner,4,0,1,1,medycyna,Uniwersytet Medyczny w Lublinie
Krzysztof,Warmuziński,6,1,0,0,inżynieria chemiczna,Instytut Inżynierii Chemicznej PAN w Gliwicach
Andrzej,Wernik,5,1,0,0,geofizyka,Centrum Badań Kosmicznych PAN w Warszawie
Anna,Wesołowska-Firlej,7,0,1,1,instrumentalistyka,Akademia Muzyczna im. Grażyny i Kiejstuta Bacewiczów w Łodzi
Zbigniew,Wichłacz,7,0,1,0,sztuki filmowe,Państwowa Wyższa Szkoła Filmowa Telewizyjna i Teatralna im. Leona Schillera w Łodzi
Anna,Wiela-Hojeńska,4,0,0,1,nauki farmaceutyczne,Uniwersytet Medyczny im. Piastów Śląskich we Wrocławiu
Marek,Wierzbowski,1,0,1,0,nauki o administracji,Uniwersytet Warszawski
Jan,Wiktor,2,0,0,1,nauki o zarządzaniu,Uniwersytet Ekonomiczny w Krakowie
Kazimiera,Wilk,5,0,0,1,technologia chemiczna,Politechnika Wrocławska
Ireneusz,Winnicki,5,0,0,1,geodezja i kartografia,Wojskowa Akademia Techniczna im. Jarosława Dąbrowskiego
Tomasz,Winnicki,6,1,0,0,inżynieria środowiska,Karkonoska Państwowa Szkoła Wyższa w Jeleniej Górze
Andrzej,Wit,4,1,1,0,nauki o kulturze fizycznej,Akademia Wychowania Fizycznego Józefa Piłsudskiego w Warszawie
Edmund,Wnuk-Lipiński,1,1,1,0,socjologia,Instytut Studiów Politycznych PAN w Warszawie
Bogdan,Wojciszke,1,0,0,1,psychologia,SWPS Uniwersytet Humanistyczno-społeczny z siedzibą w Warszawie
Maria,Wojtak,1,1,1,1,językoznawstwo,Uniwersytet Marii Curie-Skłodowskiej w Lublinie
Konstanty,Wojtaszczyk,1,1,1,1,nauki o polityce,Uniwersytet Warszawski
Andrzej,Wojtowicz,4,0,0,1,stomatologia,Warszawski Uniwersytet Medyczny
Andrzej,Wojtyna,2,1,1,1,ekonomia,Uniwersytet Ekonomiczny w Krakowie
Maciej,Wojtyszko,7,1,0,0,sztuki teatralne,Akademia Teatralna im. Aleksandra Zelwerowicza w Warszawie
Barbara,Wosiek,5,0,1,1,fizyka,Instytut Fizyki Jądrowej im. Henryka Niewodniczańskiego PAN w Krakowie
Nikodem,Wołk-Łaniewski,7,0,1,0,reżyseria dźwięku,Uniwersytet Muzyczny Fryderyka Chopina w Warszawie
Dariusz,Wołowiec,4,0,0,1,medycyna,Uniwersytet Medyczny im. Piastów Śląskich we Wrocławiu
Małgorzata,Woźna-Stankiewicz,1,0,1,1,nauki o sztuce,Uniwersytet Jagielloński w Krakowie
Józef,Woźniak,6,1,1,1,telekomunikacja,Politechnika Gdańska
Marek,Woźniewski,4,1,1,0,nauki o kulturze fizycznej,Akademia Wychowania Fizycznego we Wrocławiu
Jerzy,Wróbel,6,1,0,0,budowa i eksploatacja maszyn,Politechnika Warszawska
Jacek,Wysocki,4,0,0,1,medycyna,Uniwersytet Medyczny im. Karola Marcinkowskiego w Poznaniu
Karol,Wysokiński,5,1,1,1,fizyka,Uniwersytet Marii Curie-Skłodowskiej w Lublinie
Erwin,Wąsowicz,3,0,1,0,technologia żywności i żywienia,Uniwersytet Przyrodniczy w Poznaniu
Jerzy,Węcławski,2,0,0,1,finanse,Uniwersytet Marii Curie-Skłodowskiej w Lublinie
Jan,Węglarz,6,1,0,0,informatyka,Politechnika Poznańska
Grzegorz,Węgrzyn,3,1,0,1,biologia,Uniwersytet Gdański
Kazimierz,Zakrzewski,6,1,0,0,elektrotechnika,Politechnika Łódzka
Małgorzata,Zaleska,2,0,1,0,finanse,Szkoła Główna Handlowa w Warszawie
Józef,Zasadziński,6,1,0,0,metalurgia,Akademia Górniczo-Hutnicza im. Stanisława Staszica w Krakowie
Bogdan,Zawadzki,1,0,1,1,psychologia,Uniwersytet Warszawski
Janusz,Zawadzki,3,0,0,1,drzewnictwo,Szkoła Główna Gospodarstwa Wiejskiego w Warszawie ORAZ Warszawski Uniwersytet Medyczny
Anna,Zeidler-Janiszewska,1,0,1,0,kulturoznawstwo,Szkoła Wyższa Psychologii Społecznej w Warszawie
Maciej,Zieliński,1,1,0,0,prawo,Uniwersytet Szczeciński
Ryszard,Zimak,7,1,0,1,dyrygentura,Uniwersytet Muzyczny Fryderyka Chopina w Warszawie
Jerzy,Ziółko,6,1,0,0,budownictwo,Politechnika Gdańska
Andrzej,Zoll,1,1,0,0,prawo,Uniwersytet Jagielloński w Krakowie
Elżbieta,Zybert,1,0,0,1,bibliologia i informatologia,Uniwersytet Warszawski Wydział Dziennikarstwa Informacji i Bibliologii
Ewa,Łojkowska,3,0,1,1,biochemia,Uniwersytet Gdański
Władysław,Łosiak,1,0,1,0,psychologia,Uniwersytet Jagielloński w Krakowie
Jerzy,Łukaszewicz,7,1,0,0,sztuki filmowe,Uniwersytet Śląski w Katowicach
Bogusław,Śliwerski,1,1,1,1,pedagogika,Akademia Pedagogiki Specjalnej im. Marii Grzegorzewskiej w Warszawie
Jacek,Śliwiński,6,0,1,0,budownictwa,Politechnika Krakowska im. Tadeusza Kościuszki
Andrzej,Świerniak,6,0,0,1,biocybernetyka i inżynieria biomedyczna,Politechnika Śląska
Eugeniusz,Świtoński,6,1,0,0,mechanika,Politechnika Śląska
Grzegorz,Świątek,5,0,0,1,matematyka,Politechnika Warszawska
Wojciech,Świątkiewicz,1,0,1,1,nauki o rodzinie,Uniwersytet Śląski w Katowicach
Ryszard,Źróbek,5,0,1,1,geodezja i kartografia,Uniwersytet Warmińsko-Mazurski w Olsztynie
Tadeusz,Żuchowski,1,0,0,1,historia sztuki,Uniwersytet im. Adama Mickiewicza w Poznaniu
Waldemar,Żukowski,3,1,0,0,ekologia,Uniwersytet im. Adama Mickiewicza w Poznaniu
